...1,Panel Category,SampleID,timepoint,sera,seropos,visit
1,BM37638-10509-E01,99905B1B,baseline,806.88,POS,Visit 1
2,BM37639-10509-F01,99905M1B,midline,9.56,NEG,Visit 2
3,BM37640-10509-G01,99905E1B,endline,6.83,NEG,Visit 3
4,BM37641-10509-H01,99205B1B,baseline,74.81,POS,Visit 1
5,BM37642-10509-A02,99205M1B,midline,21.23,NEG,Visit 2
6,BM37643-10509-B02,99205E1B,endline,3.7,NEG,Visit 3
7,BM37644-10509-C02,55201B1B,baseline,223.8,POS,Visit 1
8,BM37645-10509-D02,55201M1B,midline,-0.38,NEG,Visit 2
9,BM37646-10509-E02,55201E1B,endline,134.49,POS,Visit 3
10,BM37647-10509-F02,59101B1B,baseline,117.35,POS,Visit 1
11,BM37648-10509-G02,59101M1B,midline,-4.14,NEG,Visit 2
12,BM37649-10509-H02,59101E1B,endline,14.26,NEG,Visit 3
13,BM37650-10509-A03,88804B1B,baseline,19.71,NEG,Visit 1
14,BM37651-10509-B03,88804M1B,midline,-1.11,NEG,Visit 2
15,BM37652-10509-C03,88804E1B,endline,1.6,NEG,Visit 3
16,BM37653-10509-D03,83805B1B,baseline,392.96,POS,Visit 1
17,BM37654-10509-E03,83805M1B,midline,10.27,NEG,Visit 2
18,BM37655-10509-F03,83805E1B,endline,7.38,NEG,Visit 3
19,BM37656-10509-G03,88601B1B,baseline,224.86,POS,Visit 1
20,BM37657-10509-H03,88601M1B,midline,-7.56,NEG,Visit 2
21,BM37658-10509-A04,88601E1B,endline,5.98,NEG,Visit 3
22,BM37659-10509-B04,55203B1B,baseline,323.69,POS,Visit 1
23,BM37660-10509-C04,55203M1B,midline,0.49,NEG,Visit 2
24,BM37661-10509-D04,55203E1B,endline,122,POS,Visit 3
25,BM37662-10509-E04,80902B1B,baseline,12.98,NEG,Visit 1
26,BM37663-10509-F04,80902M1B,midline,-2.36,NEG,Visit 2
27,BM37664-10509-G04,80902E1B,endline,55.43,POS,Visit 3
28,BM37665-10510-G12,59105B1B,baseline,37.35,NEG,Visit 1
29,BM37666-10509-A05,59105M1B,midline,84.98,POS,Visit 2
30,BM37667-10513-F12,59105E1B,endline,90.54,POS,Visit 3
31,BM37668-10509-C05,99907B1B,baseline,174.92,POS,Visit 1
32,BM37669-10509-D05,99907M1B,midline,3.93,NEG,Visit 2
33,BM37670-10509-E05,99907E1B,endline,5,NEG,Visit 3
34,BM37671-10509-F05,99006B1B,baseline,54.97,IND,Visit 1
35,BM37672-10509-G05,99006M1B,midline,28.95,NEG,Visit 2
36,BM37673-10509-H05,99006E1B,endline,10.58,NEG,Visit 3
37,BM37674-10509-A06,59107B1B,baseline,46.26,IND,Visit 1
38,BM37675-10509-B06,59107M1B,midline,0,NEG,Visit 2
39,BM37676-10509-C06,59107E1B,endline,6.88,NEG,Visit 3
40,BM37677-10509-D06,80905B1B,baseline,291.25,POS,Visit 1
41,BM37678-10509-E06,80905M1B,midline,15.28,NEG,Visit 2
42,BM37679-10509-F06,80905E1B,endline,20.33,NEG,Visit 3
43,BM37680-10509-G06,87801B1B,baseline,421.11,POS,Visit 1
44,BM37681-10509-H06,87801M1B,midline,14.11,NEG,Visit 2
45,BM37682-10509-A07,87801E1B,endline,36.39,NEG,Visit 3
46,BM37683-10509-B07,55204B1B,baseline,66.92,POS,Visit 1
47,BM37684-10509-C07,55204M1B,midline,21.26,NEG,Visit 2
48,BM37685-10509-D07,55204E1B,endline,239.64,POS,Visit 3
49,BM37686-10509-E07,98305B1B,baseline,545.72,POS,Visit 1
50,BM37687-10509-F07,98305M1B,midline,47.71,IND,Visit 2
51,BM37688-10509-G07,98305E1B,endline,90.99,POS,Visit 3
52,BM37689-10509-H07,98502B1B,baseline,545.01,POS,Visit 1
53,BM37690-10509-A08,98502M1B,midline,-3.86,NEG,Visit 2
54,BM37691-10509-B08,98502E1B,endline,-4.23,NEG,Visit 3
55,BM37692-10509-C08,98503B1B,baseline,201.34,POS,Visit 1
56,BM37693-10509-D08,98503M1B,midline,4.72,NEG,Visit 2
57,BM37694-10509-E08,98503E1B,endline,4.08,NEG,Visit 3
58,BM37695-10509-F08,79302B1B,baseline,128.18,POS,Visit 1
59,BM37696-10509-G08,79302M1B,midline,9.95,NEG,Visit 2
60,BM37697-10509-H08,79302E1B,endline,52.55,IND,Visit 3
61,BM37698-10509-A09,87802B1B,baseline,461.22,POS,Visit 1
62,BM37699-10509-B09,87802M1B,midline,8.23,NEG,Visit 2
63,BM37700-10509-C09,87802E1B,endline,10.15,NEG,Visit 3
64,BM37701-10509-D09,59108B1B,baseline,24.38,NEG,Visit 1
65,BM37702-10509-E09,59108M1B,midline,3.1,NEG,Visit 2
66,BM37703-10509-F09,59108E1B,endline,93.63,POS,Visit 3
67,BM37704-10509-G09,98307B1B,baseline,390,POS,Visit 1
68,BM37705-10509-H09,98307M1B,midline,86.79,POS,Visit 2
69,BM37706-10509-A10,98307E1B,endline,34.49,NEG,Visit 3
70,BM37707-10509-B10,54602B1B,baseline,29.14,NEG,Visit 1
71,BM37708-10509-C10,54602M1B,midline,3.19,NEG,Visit 2
72,BM37709-10509-D10,54602E1B,endline,-4.81,NEG,Visit 3
73,BM37710-10509-E10,58801B1B,baseline,284.63,POS,Visit 1
74,BM37711-10509-F10,58801M1B,midline,15.22,NEG,Visit 2
75,BM37712-10509-G10,58801E1B,endline,25.99,NEG,Visit 3
76,BM37713-10509-H10,87803B1B,baseline,51.2,IND,Visit 1
77,BM37714-10509-A11,87803M1B,midline,19.72,NEG,Visit 2
78,BM37715-10509-B11,87803E1B,endline,198.11,POS,Visit 3
79,BM37716-10509-C11,54603B1B,baseline,20.72,NEG,Visit 1
80,BM37717-10509-D11,54603M1B,midline,8.99,NEG,Visit 2
81,BM37718-10509-E11,54603E1B,endline,24.8,NEG,Visit 3
82,BM37719-10509-F11,98506B1B,baseline,408.11,POS,Visit 1
83,BM37720-10509-G11,98506M1B,midline,15.5,NEG,Visit 2
84,BM37721-10509-H11,98506E1B,endline,13.58,NEG,Visit 3
85,BM37722-10509-A12,79304B1B,baseline,549.24,POS,Visit 1
86,BM37723-10509-B12,79304M1B,midline,0.28,NEG,Visit 2
87,BM37724-10509-C12,79304E1B,endline,96.68,POS,Visit 3
88,BM37725-10509-D12,96903B1B,baseline,240.71,POS,Visit 1
89,BM37726-10509-E12,96903M1B,midline,2.85,NEG,Visit 2
90,BM37727-10509-F12,96903E1B,endline,-2.52,NEG,Visit 3
91,BM37728-10510-E01,87601B1B,baseline,114.91,POS,Visit 1
92,BM37729-10510-F01,87601M1B,midline,-0.86,NEG,Visit 2
93,BM37730-10510-G01,87601E1B,endline,-8.54,NEG,Visit 3
94,BM37731-10510-H01,96905B1B,baseline,777.95,POS,Visit 1
95,BM37732-10510-A02,96905M1B,midline,10.48,NEG,Visit 2
96,BM37733-10510-B02,96905E1B,endline,20.62,NEG,Visit 3
97,BM37734-10510-C02,58805B1B,baseline,39.36,NEG,Visit 1
98,BM37735-10510-D02,58805M1B,midline,25.36,NEG,Visit 2
99,BM37736-10510-E02,58805E1B,endline,13.4,NEG,Visit 3
100,BM37737-10510-F02,98201B1B,baseline,121.18,POS,Visit 1
101,BM37738-10510-G02,98201M1B,midline,19.2,NEG,Visit 2
102,BM37739-10510-H02,98201E1B,endline,34.79,NEG,Visit 3
103,BM37740-10510-A03,54605B1B,baseline,9.3,NEG,Visit 1
104,BM37741-10510-B03,54605M1B,midline,1.27,NEG,Visit 2
105,BM37742-10510-C03,54605E1B,endline,19.71,NEG,Visit 3
106,BM37743-10510-D03,79105B1B,baseline,179.59,POS,Visit 1
107,BM37744-10510-E03,79105M1B,midline,197.39,POS,Visit 2
108,BM37745-10510-F03,79105E1B,endline,9.44,NEG,Visit 3
109,BM37746-10510-G03,57805B1B,baseline,242.13,POS,Visit 1
110,BM37747-10510-H03,57805M1B,midline,-0.6,NEG,Visit 2
111,BM37748-10510-A04,57805E1B,endline,-2.15,NEG,Visit 3
112,BM37749-10510-B04,93401B1B,baseline,44.06,NEG,Visit 1
113,BM37750-10510-C04,93401M1B,midline,43.66,NEG,Visit 2
114,BM37751-10510-D04,93401E1B,endline,46.89,IND,Visit 3
115,BM37752-10510-E04,79108B1B,baseline,291.2,POS,Visit 1
116,BM37753-10510-F04,79108M1B,midline,11.46,NEG,Visit 2
117,BM37754-10510-G04,79108E1B,endline,39.44,NEG,Visit 3
118,BM37755-10510-H04,87603B1B,baseline,424.21,POS,Visit 1
119,BM37756-10510-A05,87603M1B,midline,-3.29,NEG,Visit 2
120,BM37757-10510-B05,87603E1B,endline,152.49,POS,Visit 3
121,BM37758-10510-C05,54606B1B,baseline,167.8,POS,Visit 1
122,BM37759-10510-D05,54606M1B,midline,11.63,NEG,Visit 2
123,BM37760-10510-E05,54606E1B,endline,0.54,NEG,Visit 3
124,BM37761-10510-F05,97701B1B,baseline,21.53,NEG,Visit 1
125,BM37762-10510-G05,97701M1B,midline,-1.44,NEG,Visit 2
126,BM37763-10510-H05,97701E1B,endline,-3.92,NEG,Visit 3
127,BM37764-10510-A06,86701B1B,baseline,22.17,NEG,Visit 1
128,BM37765-10510-B06,86701M1B,midline,1.92,NEG,Visit 2
129,BM37766-10510-C06,86701E1B,endline,408.6,POS,Visit 3
130,BM37767-10510-D06,97704B1B,baseline,37.25,NEG,Visit 1
131,BM37768-10510-E06,97704M1B,midline,-0.58,NEG,Visit 2
132,BM37769-10510-F06,97704E1B,endline,6.95,NEG,Visit 3
133,BM37770-10510-G06,54607B1B,baseline,576.43,POS,Visit 1
134,BM37771-10510-H06,54607M1B,midline,11.92,NEG,Visit 2
135,BM37772-10510-A07,54607E1B,endline,10.88,NEG,Visit 3
136,BM37773-10510-B07,78205B1B,baseline,251.83,POS,Visit 1
137,BM37774-10510-C07,78205M1B,midline,2.37,NEG,Visit 2
138,BM37775-10510-D07,78205E1B,endline,13.7,NEG,Visit 3
139,BM37776-10510-E07,57602B1B,baseline,85.61,POS,Visit 1
140,BM37777-10510-F07,57602M1B,midline,47.97,IND,Visit 2
141,BM37778-10510-G07,57602E1B,endline,111.67,POS,Visit 3
142,BM37779-10510-H07,92705B1B,baseline,836.94,POS,Visit 1
143,BM37780-10510-A08,92705M1B,midline,6.02,NEG,Visit 2
144,BM37781-10510-B08,92705E1B,endline,-2.34,NEG,Visit 3
145,BM37782-10510-C08,78208B1B,baseline,321.17,POS,Visit 1
146,BM37783-10510-D08,78208M1B,midline,5.91,NEG,Visit 2
147,BM37784-10510-E08,78208E1B,endline,42.43,NEG,Visit 3
148,BM37785-10510-F08,85602B1B,baseline,276.62,POS,Visit 1
149,BM37786-10510-G08,85602M1B,midline,12.3,NEG,Visit 2
150,BM37787-10510-H08,85602E1B,endline,18.08,NEG,Visit 3
151,BM37788-10510-A09,54608B1B,baseline,144.44,POS,Visit 1
152,BM37789-10510-B09,54608M1B,midline,36.99,NEG,Visit 2
153,BM37790-10510-C09,54608E1B,endline,60.6,POS,Visit 3
154,BM37791-10510-D09,57503B1B,baseline,174.46,POS,Visit 1
155,BM37792-10510-E09,57503M1B,midline,230.03,POS,Visit 2
156,BM37793-10510-F09,57503E1B,endline,1.81,NEG,Visit 3
157,BM37794-10510-G09,91907B1B,baseline,184.63,POS,Visit 1
158,BM37795-10510-H09,91907M1B,midline,8.63,NEG,Visit 2
159,BM37796-10510-A10,91907E1B,endline,17.9,NEG,Visit 3
160,BM37797-10510-B10,97201B1B,baseline,95.86,POS,Visit 1
161,BM37798-10510-C10,97201M1B,midline,11.13,NEG,Visit 2
162,BM37799-10510-D10,97201E1B,endline,-1.21,NEG,Visit 3
163,BM37800-10510-E10,85603B1B,baseline,1024.73,POS,Visit 1
164,BM37801-10510-F10,85603M1B,midline,37.19,NEG,Visit 2
165,BM37802-10510-G10,85603E1B,endline,49.55,IND,Visit 3
166,BM37803-10510-H10,53201B1B,baseline,72.2,POS,Visit 1
167,BM37804-10510-A11,53201M1B,midline,51.08,IND,Visit 2
168,BM37805-10510-B11,53201E1B,endline,10.62,NEG,Visit 3
169,BM37806-10510-C11,77303B1B,baseline,489.63,POS,Visit 1
170,BM37807-10510-D11,77303M1B,midline,34.77,NEG,Visit 2
171,BM37808-10510-E11,77303E1B,endline,2.75,NEG,Visit 3
172,BM37809-10510-F11,97207B1B,baseline,322.97,POS,Visit 1
173,BM37810-10510-G11,97207M1B,midline,-1.98,NEG,Visit 2
174,BM37811-10510-H11,97207E1B,endline,-1.99,NEG,Visit 3
175,BM37812-10510-A12,57504B1B,baseline,38.15,NEG,Visit 1
176,BM37813-10510-B12,57504M1B,midline,10.57,NEG,Visit 2
177,BM37814-10510-C12,57504E1B,endline,44.76,NEG,Visit 3
178,BM37815-10510-D12,91908B1B,baseline,434.88,POS,Visit 1
179,BM37816-10510-E12,91908M1B,midline,27.11,NEG,Visit 2
180,BM37817-10510-F12,91908E1B,endline,14.28,NEG,Visit 3
181,BM37818-10515-E01,97001B1B,baseline,10.29,NEG,Visit 1
182,BM37819-10515-F01,97001M1B,midline,2.96,NEG,Visit 2
183,BM37820-10515-G01,97001E1B,endline,6.56,NEG,Visit 3
184,BM37821-10515-H01,77304B1B,baseline,844.22,POS,Visit 1
185,BM37822-10515-A02,77304M1B,midline,37.93,NEG,Visit 2
186,BM37823-10515-B02,77304E1B,endline,17.11,NEG,Visit 3
187,BM37824-10515-C02,84703B1B,baseline,299.46,POS,Visit 1
188,BM37825-10515-D02,84703M1B,midline,30.95,NEG,Visit 2
189,BM37826-10515-E02,84703E1B,endline,41.11,NEG,Visit 3
190,BM37827-10515-F02,90707B1B,baseline,363.15,POS,Visit 1
191,BM37828-10515-G02,90707M1B,midline,8.21,NEG,Visit 2
192,BM37829-10515-H02,90707E1B,endline,111.27,POS,Visit 3
193,BM37830-10515-A03,56403B1B,baseline,33.42,NEG,Visit 1
194,BM37831-10515-B03,56403M1B,midline,5.33,NEG,Visit 2
195,BM37832-10515-C03,56403E1B,endline,5.19,NEG,Visit 3
196,BM37833-10515-D03,53204B1B,baseline,116.33,POS,Visit 1
197,BM37834-10515-E03,53204M1B,midline,31.37,NEG,Visit 2
198,BM37835-10515-F03,53204E1B,endline,36.95,NEG,Visit 3
199,BM37836-10515-G03,93905B1B,baseline,441.91,POS,Visit 1
200,BM37837-10515-H03,93905M1B,midline,8.94,NEG,Visit 2
201,BM37838-10515-A04,93905E1B,endline,2.53,NEG,Visit 3
202,BM37839-10515-B04,56404B1B,baseline,638.59,POS,Visit 1
203,BM37840-10515-C04,56404M1B,midline,6.57,NEG,Visit 2
204,BM37841-10515-D04,56404E1B,endline,5.26,NEG,Visit 3
205,BM37842-10515-E04,84706B1B,baseline,243.39,POS,Visit 1
206,BM37843-10515-F04,84706M1B,midline,1.55,NEG,Visit 2
207,BM37844-10515-G04,84706E1B,endline,5.01,NEG,Visit 3
208,BM37845-10515-H04,53205B1B,baseline,212.37,POS,Visit 1
209,BM37846-10515-A05,53205M1B,midline,19.37,NEG,Visit 2
210,BM37847-10515-B05,53205E1B,endline,9.94,NEG,Visit 3
211,BM37848-10515-C05,58101B1B,baseline,23.45,NEG,Visit 1
212,BM37849-10515-D05,58101M1B,midline,4.29,NEG,Visit 2
213,BM37850-10515-E05,58101E1B,endline,-3.36,NEG,Visit 3
214,BM37851-10515-F05,89401B1B,baseline,1041.66,POS,Visit 1
215,BM37852-10515-G05,89401M1B,midline,7.05,NEG,Visit 2
216,BM37853-10515-H05,89401E1B,endline,-4.87,NEG,Visit 3
217,BM37854-10515-A06,53206B1B,baseline,55.85,POS,Visit 1
218,BM37855-10515-B06,53206M1B,midline,53.41,IND,Visit 2
219,BM37856-10515-C06,53206E1B,endline,69.26,POS,Visit 3
220,BM37857-10515-D06,81607B1B,baseline,191.8,POS,Visit 1
221,BM37858-10515-E06,81607M1B,midline,264.13,POS,Visit 2
222,BM37859-10515-F06,81607E1B,endline,317.63,POS,Visit 3
223,BM37860-10515-G06,56407B1B,baseline,380,POS,Visit 1
224,BM37861-10515-H06,56407M1B,midline,8.23,NEG,Visit 2
225,BM37862-10515-A07,56407E1B,endline,28.9,NEG,Visit 3
226,BM37863-10515-B07,58104B1B,baseline,64.16,POS,Visit 1
227,BM37864-10515-C07,58104M1B,midline,-3.85,NEG,Visit 2
228,BM37865-10515-D07,58104E1B,endline,-1.55,NEG,Visit 3
229,BM37866-10515-E07,89406B1B,baseline,121.84,POS,Visit 1
230,BM37867-10515-F07,89406M1B,midline,18.26,NEG,Visit 2
231,BM37868-10515-G07,89406E1B,endline,3.44,NEG,Visit 3
232,BM37869-10515-H07,92905B1B,baseline,168.95,POS,Visit 1
233,BM37870-10515-A08,92905M1B,midline,6.06,NEG,Visit 2
234,BM37871-10515-B08,92905E1B,endline,4.25,NEG,Visit 3
235,BM37872-10515-C08,58108B1B,baseline,338.69,POS,Visit 1
236,BM37873-10515-D08,58108M1B,midline,2.12,NEG,Visit 2
237,BM37874-10515-E08,58108E1B,endline,38.23,NEG,Visit 3
238,BM37875-10515-F08,88203B1B,baseline,438.34,POS,Visit 1
239,BM37876-10515-G08,88203M1B,midline,1.2,NEG,Visit 2
240,BM37877-10515-H08,88203E1B,endline,11.94,NEG,Visit 3
241,BM37878-10515-A09,56408B1B,baseline,38.48,NEG,Visit 1
242,BM37879-10515-B09,56408M1B,midline,6.32,NEG,Visit 2
243,BM37880-10515-C09,56408E1B,endline,64.37,POS,Visit 3
244,BM37881-10515-D09,92202B1B,baseline,631.36,POS,Visit 1
245,BM37882-10515-E09,92202M1B,midline,16.23,NEG,Visit 2
246,BM37883-10515-F09,92202E1B,endline,3.36,NEG,Visit 3
247,BM37884-10515-G09,59601B1B,baseline,63.09,POS,Visit 1
248,BM37885-10515-H09,59601M1B,midline,4.14,NEG,Visit 2
249,BM37886-10515-A10,59601E1B,endline,178.45,POS,Visit 3
250,BM37887-10515-B10,52402B1B,baseline,147.06,POS,Visit 1
251,BM37888-10515-C10,52402M1B,midline,8.14,NEG,Visit 2
252,BM37889-10515-D10,52402E1B,endline,18.81,NEG,Visit 3
253,BM37890-10515-E10,57003B1B,baseline,37.5,NEG,Visit 1
254,BM37891-10515-F10,57003M1B,midline,18.64,NEG,Visit 2
255,BM37892-10515-G10,57003E1B,endline,71.26,POS,Visit 3
256,BM37893-10515-H10,56102B1B,baseline,38.9,NEG,Visit 1
257,BM37894-10515-A11,56102M1B,midline,2.61,NEG,Visit 2
258,BM37895-10515-B11,56102E1B,endline,1.96,NEG,Visit 3
259,BM37896-10515-C11,59602B1B,baseline,174.3,POS,Visit 1
260,BM37897-10515-D11,59602M1B,midline,-6.34,NEG,Visit 2
261,BM37898-10515-E11,59602E1B,endline,6.55,NEG,Visit 3
262,BM37899-10515-F11,91501B1B,baseline,397.21,POS,Visit 1
263,BM37900-10515-G11,91501M1B,midline,5.27,NEG,Visit 2
264,BM37901-10515-H11,91501E1B,endline,0.27,NEG,Visit 3
265,BM37902-10515-A12,52403B1B,baseline,84.48,POS,Visit 1
266,BM37903-10515-B12,52403M1B,midline,9.94,NEG,Visit 2
267,BM37904-10515-C12,52403E1B,endline,83.05,POS,Visit 3
268,BM37905-10515-D12,88204B1B,baseline,591.41,POS,Visit 1
269,BM37906-10515-E12,88204M1B,midline,6.31,NEG,Visit 2
270,BM37907-10515-F12,88204E1B,endline,5.17,NEG,Visit 3
271,BM37908-10513-D01,52404B1B,baseline,207.91,POS,Visit 1
272,BM37909-10513-E01,52404M1B,midline,168.28,POS,Visit 2
273,BM37910-10513-F01,52404E1B,endline,277.81,POS,Visit 3
274,BM37911-10513-G01,55403B1B,baseline,1.05,NEG,Visit 1
275,BM37912-10513-H01,55403M1B,midline,7.2,NEG,Visit 2
276,BM37913-10513-A02,55403E1B,endline,14.03,NEG,Visit 3
277,BM37914-10513-B02,86801B1B,baseline,284.48,POS,Visit 1
278,BM37915-10513-C02,86801M1B,midline,7.1,NEG,Visit 2
279,BM37916-10513-D02,86801E1B,endline,7.62,NEG,Visit 3
280,BM37917-10513-E02,57004B1B,baseline,93.39,POS,Visit 1
281,BM37918-10513-F02,57004M1B,midline,21.28,NEG,Visit 2
282,BM37919-10513-G02,57004E1B,endline,406.64,POS,Visit 3
283,BM37920-10513-H02,90607B1B,baseline,17.6,NEG,Visit 1
284,BM37921-10513-A03,90607M1B,midline,-0.56,NEG,Visit 2
285,BM37922-10513-B03,90607E1B,endline,370.26,POS,Visit 3
286,BM37923-10513-C03,59606B1B,baseline,313.38,POS,Visit 1
287,BM37924-10513-D03,59606M1B,midline,44.5,NEG,Visit 2
288,BM37925-10513-E03,59606E1B,endline,16.33,NEG,Visit 3
289,BM37926-10513-F03,52407B1B,baseline,0.56,NEG,Visit 1
290,BM37927-10513-G03,52407M1B,midline,25.9,NEG,Visit 2
291,BM37928-10513-H03,52407E1B,endline,26.96,NEG,Visit 3
292,BM37929-10513-A04,89801B1B,baseline,141.69,POS,Visit 1
293,BM37930-10513-B04,89801M1B,midline,1.51,NEG,Visit 2
294,BM37931-10513-C04,89801E1B,endline,129.27,POS,Visit 3
295,BM37932-10513-D04,55406B1B,baseline,30.25,NEG,Visit 1
296,BM37933-10513-E04,55406M1B,midline,0.67,NEG,Visit 2
297,BM37934-10513-F04,55406E1B,endline,2.13,NEG,Visit 3
298,BM37935-10513-G04,59401B1B,baseline,96.43,POS,Visit 1
299,BM37936-10513-H04,59401M1B,midline,8.62,NEG,Visit 2
300,BM37937-10513-A05,59401E1B,endline,4.6,NEG,Visit 3
301,BM37938-10513-B05,57006B1B,baseline,153.28,POS,Visit 1
302,BM37939-10513-C05,57006M1B,midline,4.91,NEG,Visit 2
303,BM37940-10513-D05,57006E1B,endline,69.2,POS,Visit 3
304,BM37941-10513-E05,55408B1B,baseline,397.5,POS,Visit 1
305,BM37942-10513-F05,55408M1B,midline,60.15,POS,Visit 2
306,BM37943-10513-G05,55408E1B,endline,6.61,NEG,Visit 3
307,BM37944-10513-H05,89705B1B,baseline,247.27,POS,Visit 1
308,BM37945-10513-A06,89705M1B,midline,6.38,NEG,Visit 2
309,BM37946-10513-B06,89705E1B,endline,14.53,NEG,Visit 3
310,BM37947-10513-C06,59402B1B,baseline,7.58,NEG,Visit 1
311,BM37948-10513-D06,59402M1B,midline,2.61,NEG,Visit 2
312,BM37949-10513-E06,59402E1B,endline,20.4,NEG,Visit 3
313,BM37950-10513-F06,84501B1B,baseline,423.84,POS,Visit 1
314,BM37951-10513-G06,84501M1B,midline,11.24,NEG,Visit 2
315,BM37952-10513-H06,84501E1B,endline,6.03,NEG,Visit 3
316,BM37953-10513-A07,57008B1B,baseline,17.37,NEG,Visit 1
317,BM37954-10513-B07,57008M1B,midline,7.09,NEG,Visit 2
318,BM37955-10513-C07,57008E1B,endline,68.24,POS,Visit 3
319,BM37956-10513-D07,51801B1B,baseline,188.55,POS,Visit 1
320,BM37957-10513-E07,51801M1B,midline,1.38,NEG,Visit 2
321,BM37958-10513-F07,51801E1B,endline,-2.5,NEG,Visit 3
322,BM37959-10513-G07,84505B1B,baseline,123.26,POS,Visit 1
323,BM37960-10513-H07,84505M1B,midline,9.43,NEG,Visit 2
324,BM37961-10513-A08,84505E1B,endline,54.71,IND,Visit 3
325,BM37962-10513-B08,89708B1B,baseline,180.58,POS,Visit 1
326,BM37963-10513-C08,89708M1B,midline,-1.4,NEG,Visit 2
327,BM37964-10513-D08,89708E1B,endline,14.88,NEG,Visit 3
328,BM37965-10513-E08,56303B1B,baseline,49.53,IND,Visit 1
329,BM37966-10513-F08,56303M1B,midline,6.5,NEG,Visit 2
330,BM37967-10513-G08,56303E1B,endline,131.17,POS,Visit 3
331,BM37968-10513-H08,59403B1B,baseline,6.95,NEG,Visit 1
332,BM37969-10513-A09,59403M1B,midline,23.26,NEG,Visit 2
333,BM37970-10513-B09,59403E1B,endline,68.23,POS,Visit 3
334,BM37971-10513-C09,55303B1B,baseline,135.94,POS,Visit 1
335,BM37972-10513-D09,55303M1B,midline,-0.28,NEG,Visit 2
336,BM37973-10513-E09,55303E1B,endline,6.15,NEG,Visit 3
337,BM37974-10513-F09,51802B1B,baseline,367.1,POS,Visit 1
338,BM37975-10513-G09,51802M1B,midline,1.77,NEG,Visit 2
339,BM37976-10513-H09,51802E1B,endline,-2.63,NEG,Visit 3
340,BM37977-10513-A10,51808B1B,baseline,19.08,NEG,Visit 1
341,BM37978-10513-B10,51808M1B,midline,-0.41,NEG,Visit 2
342,BM37979-10513-C10,51808E1B,endline,51.21,IND,Visit 3
343,BM37980-10513-D10,83803B1B,baseline,12.56,NEG,Visit 1
344,BM37981-10513-E10,83803M1B,midline,4.86,NEG,Visit 2
345,BM37982-10513-F10,83803E1B,endline,11.61,NEG,Visit 3
346,BM37983-10513-G10,55306B1B,baseline,308.82,POS,Visit 1
347,BM37984-10513-H10,55306M1B,midline,16.94,NEG,Visit 2
348,BM37985-10513-A11,55306E1B,endline,41.47,NEG,Visit 3
349,BM38238-10513-B11,56307B1B,baseline,47.2,IND,Visit 1
350,BM38239-10513-C11,56307M1B,midline,-4.49,NEG,Visit 2
351,BM38240-10513-D11,56307E1B,endline,317.06,POS,Visit 3
352,BM38241-10513-E11,89001B1B,baseline,173.35,POS,Visit 1
353,BM38242-10513-F11,89001M1B,midline,10.15,NEG,Visit 2
354,BM38243-10513-G11,89001E1B,endline,359.68,POS,Visit 3
355,BM38244-10513-H11,59408B1B,baseline,365.32,POS,Visit 1
356,BM38245-10513-A12,59408M1B,midline,0.32,NEG,Visit 2
357,BM38246-10513-B12,59408E1B,endline,0.35,NEG,Visit 3
358,BM38247-10513-C12,78202B1B,baseline,249.79,POS,Visit 1
359,BM38248-10513-D12,78202M1B,midline,2.95,NEG,Visit 2
360,BM38249-10513-E12,78202E1B,endline,7.59,NEG,Visit 3
